{
    "  1080 1440 brown 0.85": {
        "projection_type": "brown",
        "width": 1080,
        "height": 1440,
        "focal_x": 0.8599553182415524,
        "focal_y": 0.8599553182415524,
        "c_x": -0.010080366081484868,
        "c_y": 0.00381775282683199,
        "k1": -0.050773467905406114,
        "k2": -0.026661179665245376,
        "p1": 0.012885267980849888,
        "p2": 0.004353343036514497,
        "k3": -0.011170331036755517
    }
}