{
    "  1080 1440 brown 0.85": {
        "projection_type": "brown",
        "width": 1080,
        "height": 1440,
        "focal_x": 0.7342506390138752,
        "focal_y": 0.7342506390138752,
        "c_x": 0.004075284292619328,
        "c_y": -0.017070522919773665,
        "k1": 0.016321421400361212,
        "k2": -0.02348910649783341,
        "p1": -0.006154480184684719,
        "p2": -6.768932782918526e-05,
        "k3": -0.007789511853586982
    }
}