{
    "  1080 1440 brown 0.85": {
        "projection_type": "brown",
        "width": 1080,
        "height": 1440,
        "focal_x": 0.8590092363463718,
        "focal_y": 0.8590092363463718,
        "c_x": -0.010994783402789001,
        "c_y": -0.005156222581682992,
        "k1": -0.029952331764919987,
        "k2": -0.014245692003410268,
        "p1": 0.025835024637818515,
        "p2": 0.019444314883017268,
        "k3": -0.005571492401272046
    }
}